{"playerPos":{"x":-3.5320000648498537,"y":3.0799999237060549,"z":-2.5510001182556154},"score":0,"playerRot":{"x":0.0,"y":0.0,"z":0.0,"w":0.0}}